empresa,ubicacion,salario,fecha
Desarrollador java Junior y Analista QA Junior,PANDORA TECHNOLOGIES,No especificado,4 de diciembre
programador sistemas,Medical Audicion,No especificado,29 de noviembre
Analista Programador Java,"4,3Valtx",No especificado,2024-12-24
Trabajo Desde Casa Desarrollador Java Backend / Ref. 0003,"1,9BairesDev LLC",No especificado,2024-12-24
Desarrollador Java con experiencia en Microservicios,Zemsania,No especificado,2024-12-24
desarrollador software,METRINDUST S.A.C.,No especificado,2024-12-24
Programador Power Builder,corporacion BJR import sur s.a.c.,No especificado,2024-12-24
Programador Web,corporacion BJR import sur s.a.c.,No especificado,2024-12-24
10 Analistas Programador (Jr. ) en Oracle PL/ SQL / Java,"4,4Hermes Transportes Blindados SAC.",No especificado,2024-12-24
Home Office  !! Atención al Cliente / Lunes a Sábado /  Damos Laptop + Internet / Bono de luz,"4,1Covisian Perú",No especificado,2024-12-24
Trabaja desde Casa  !! Atención al Cliente  / Lunes a Sábado / Damos Laptop +Internet / Planilla,"4,1Covisian Perú",No especificado,2024-12-24
Asesor comercial para plataforma de comercio electrónico,"4,1LUCKY SAC",No especificado,2024-12-23
Analista de sistemas,"4,2Esmeralda  Corp S.A.C.",No especificado,2024-12-23
Ejecutivo de Ventas/ Turno Mañana/ Home Office/ Damos Laptop + internet + bono de luz,"4,1Covisian Perú",No especificado,2024-12-23
"¡Trabaja 4 hs desde casa! Asesores de ventas Claro Call Center  Remoto,Turno Mañana y Tarde","4,3DACOMPANY SAC",No especificado,2024-12-23
Programador Java (Experiencia con Azure),"4,5TeamSoft  S.A.C.",No especificado,2024-12-23
Analista Programador Java Senior,QUE TAL COMPRA DEL PERU S.A.C.,No especificado,2024-12-23
Programador Odoo Presencial /Remoto,LÓGICA CONSULTORÍA E.I.R.L.,No especificado,2024-12-23
Trabajo Desde Casa Desarrollador Java Backend / Ref. 0003,"1,9BairesDev LLC",No especificado,2024-12-22
¡Únete! Sin experiencia Trabajo Remoto/ te damos PC e Internet /Asesor de call center,"4,1Covisian Perú",No especificado,2024-12-22
Analista Programador de Sistemas .NET,Importante empresa del sector,No especificado,2024-12-22
Mobile Developer,Crazy Llama,No especificado,2024-12-21
¡Sin experiencia! Atención al cliente Internet WOW / Turno mañana/ Bonos/ Planilla Completa,"4,2Adecco Perú S.A.",No especificado,2024-12-21
¡Trabaja desde CASA SIN EXP! / Asesores Call Center / Se brinda PC e Internet,"4,1Covisian Perú",No especificado,2024-12-21
Desarrollador BackEnd Java,Importante empresa del sector,No especificado,2024-12-21
Analista Programador Java,Importante empresa del sector,No especificado,2024-12-21
Analista Programador Oracle NetSuite,UNIBELL,No especificado,2024-12-20
Analista Programador Java Senior,"4,3Manpower",No especificado,2024-12-20
Analista programador/a de sistemas,Dacia Trading S.A.C.,No especificado,2024-12-19
Analista Programador Web,"4,2CALIMOD",No especificado,2024-12-19
Analista Programador Senior,"4,3Manpower",No especificado,2024-12-19
Programador 5 años de experiencia,Consutic,No especificado,2024-12-18
Trabajo Desde Casa Desarrollador Java Semi Senior / Ref. 0003,"2,0BairesDev LLC",No especificado,2024-12-18
Analista de Datos Trabajo en Cusco,Importante empresa del sector,No especificado,2024-12-18
Work From Home Senior Java Spring Boot Developer / Ref. 0003,"2,0BairesDev LLC",No especificado,2024-12-18
Trabajo Desde Casa Desarrollador Java Senior / Ref. 0003,"2,0BairesDev LLC",No especificado,2024-12-18
Work From Home Java Developer / Ref. 0003,"1,9BairesDev LLC",No especificado,2024-12-18
Work From Home Trainee Java Developer / Ref. 0003,"2,0BairesDev LLC",No especificado,2024-12-18
Trabajo Desde Casa Desarrollador Java / Ref. 0003,"1,9BairesDev LLC",No especificado,2024-12-17
¡Trabaja desde CASA SIN EXP! / Asesores Call Center / Se brinda PC e Internet,"4,1Covisian Perú",No especificado,2024-11-28
Programador Junior,SEGTEL PRO S.A.C.,No especificado,2024-11-25
¡Home Office! / Brindamos PC + Sueldo fijo + internet + Bono de Luz (hasta S/90),"4,1Covisian Perú",No especificado,2024-11-08
R E M O T O trabaja desde casa Turno mañana /Damos Laptop + internet/ Fijo s/1100 +bono electricidad,"4,1Covisian Perú",No especificado,2024-11-04
R E M O T O solo Lima!!! Portabilidad Claro descansa domingos / OJT bajo contrato / RQ 978,"4,0FORTEL CUSTOMER EXPERIENCE",No especificado,2024-11-03
Trabajo Desde Casa Desarrollador Junior/MidLevel Java / Ref. 0003,"2,0BairesDev LLC",No especificado,17 de diciembre
Trabajo Desde Casa Desarrollador Java Junior / Ref. 0003,"2,0BairesDev LLC",No especificado,17 de diciembre
Work From Home Junior/MidLevel Java Developer / Ref. 0003,"2,0BairesDev LLC",No especificado,17 de diciembre
Trabajo Desde Casa Desarrollador Junior/MidLevel Java / Ref. 0003,"2,0BairesDev LLC",No especificado,17 de diciembre
Trabajo Desde Casa Desarrollador Junior/MidLevel Java / Ref. 0003,"2,0BairesDev LLC",No especificado,17 de diciembre
Work From Home Junior Java Developer / Ref. 0003,"2,0BairesDev LLC",No especificado,17 de diciembre
Trabajo Desde Casa Desarrollador Java Junior / Ref. 0003,"2,0BairesDev LLC",No especificado,17 de diciembre
Trabajo Desde Casa Desarrollador Junior/MidLevel Java / Ref. 0003,"2,0BairesDev LLC",No especificado,17 de diciembre
Trabajo Desde Casa Desarrollador Junior/MidLevel Java / Ref. 0003,"2,0BairesDev LLC",No especificado,17 de diciembre
Trabajo Desde Casa Desarrollador Java Backend / Ref. 0003,"2,0BairesDev LLC",No especificado,17 de diciembre
Work From Home Junior Java Developer / Ref. 0003,"2,0BairesDev LLC",No especificado,17 de diciembre
Trabajo Desde Casa Desarrollador Junior/MidLevel Java / Ref. 0003,"2,0BairesDev LLC",No especificado,17 de diciembre
Trabajo Desde Casa Desarrollador Java / Ref. 0003,"2,0BairesDev LLC",No especificado,17 de diciembre
desarrollador programador,IT HELP CORP E.I.R.L.,No especificado,13 de diciembre
Practicante Profesional de Desarrollo web,Computer Corporacion,No especificado,13 de diciembre
Programador PHP Senior,Talento Digital Perú,No especificado,13 de diciembre
